loss,accuracy
0.10903827846050262,0.9787999987602234
