loss,accuracy
0.24170005321502686,0.9368000030517578
