loss,accuracy
0.09526751190423965,0.9847999811172485
