loss,accuracy
0.05611215904355049,0.9919000267982483
