loss,accuracy
0.06154025346040726,0.991100013256073
