loss,accuracy
2.301119327545166,0.11349999904632568
