loss,accuracy
0.052293095737695694,0.9901999831199646
