loss,accuracy
0.08220002800226212,0.9911999702453613
