loss,accuracy
1.493665337562561,0.703000009059906
