loss,accuracy
2.3012773990631104,0.11349999904632568
